FID,id,terrai_nome,etnia_nome,municipio_nome,uf_sigla,superficie_perimetro_ha,fase_ti,modalidade_ti,reestudo_ti,superficie_ti,terrai_codigo,gid,the_geom,undadm_codigo,undadm_nome,undadm_sigla
tis_pontos.fid-8091ffc_197eb0e14a4_38b3,1,Areões,Xavante,Água Boa,MT,0,Em Estudo,Tradicionalmente ocupada,Reestudo,,3902,13,POINT (-51.71110601959815 -13.957759183191065),30202002046,COORDENACAO REGIONAL RIBEIRAO CASCALHEIRA,CR-RC
tis_pontos.fid-8091ffc_197eb0e14a4_38b4,2,Borboleta,Kaingang,"Campos Borges, Espumoso, Salto do Jacuí",RS,0,Em Estudo,Reserva Indígena,,,6801,19,POINT (-53.0674998239554 -28.990382919999764),30202002081,COORDENACAO REGIONAL DE PASSO FUNDO,CR-PFD
tis_pontos.fid-8091ffc_197eb0e14a4_38b5,3,Cacique Doble,"Guaraní, Kaingang","Cacique Doble, São José do Ouro",RS,0,Em Estudo,Tradicionalmente ocupada,Reestudo,,7802,20,POINT (-51.59605261681267 -27.827521021948716),30202002081,COORDENACAO REGIONAL DE PASSO FUNDO,CR-PFD
tis_pontos.fid-8091ffc_197eb0e14a4_38b6,4,Capivara,Mura,Autazes,AM,0,Em Estudo,Tradicionalmente ocupada,,,9001,24,POINT (-59.45171178902298 -3.620568926838882),30202001871,COORDENACAO REGIONAL DE MANAUS,CR-MAO
tis_pontos.fid-8091ffc_197eb0e14a4_38b7,5,Carreteiro,Kaingang,Água Santa,RS,0,Em Estudo,Tradicionalmente ocupada,Reestudo,,9602,27,POINT (-51.97158188239192 -28.211473096794784),30202002081,COORDENACAO REGIONAL DE PASSO FUNDO,CR-PFD
tis_pontos.fid-8091ffc_197eb0e14a4_38b8,6,Coroa Vermelha (Ponta Grande),Pataxó,"Porto Seguro, Santa Cruz Cabrália",BA,0,Em Estudo,Tradicionalmente ocupada,Reestudo,,10302,31,POINT (-39.044661469154676 -16.3103931102481),30202001990,COORDENACAO REGIONAL DO SUL DA BAHIA,CR-SBA
tis_pontos.fid-8091ffc_197eb0e14a4_38b9,7,Enawenê-Nawê,Enawenê-Nawê,"Comodoro, Juína, Sapezal",MT,0,Em Estudo,Tradicionalmente ocupada,Reestudo,,11202,35,POINT (-58.79314970165167 -11.691273609607483),30202002032,COORDENACAO REGIONAL NOROESTE DO MATO GROSSO,CR-NRMT
tis_pontos.fid-8091ffc_197eb0e14a4_38ba,8,Fulni-ô,Fulni-ô,"Itaíba, Águas Belas",PE,0,Em Estudo,Tradicionalmente ocupada,Reestudo,,13102,42,POINT (-37.04011335483239 -9.269808365248496),30202001983,COORDENACAO REGIONAL BAIXO SÃO FRANCISCO,CR-BSF
tis_pontos.fid-8091ffc_197eb0e14a4_38bb,9,Governador,"Gavião Pukobiê, Tenetehara",Amarante do Maranhão,MA,0,Em Estudo,Tradicionalmente ocupada,Reestudo,,13602,44,POINT (-46.779000270403714 -5.462781325716206),30202001997,COORDENACAO REGIONAL MARANHÃO,CR-MA
tis_pontos.fid-8091ffc_197eb0e14a4_38bc,10,Guapenu,Mura,Autazes,AM,0,Em Estudo,Tradicionalmente ocupada,,,13901,46,POINT (-59.1788160631962 -3.529591572202395),30202001871,COORDENACAO REGIONAL DE MANAUS,CR-MAO
tis_pontos.fid-8091ffc_197eb0e14a4_38bd,11,Araponga,Guaraní,Paraty,RJ,0,Em Estudo,Tradicionalmente ocupada,Reestudo,,14002,11,POINT (-44.762324807800084 -23.299959391926244),30202002074,COORDENACAO REGIONAL LITORAL SUDESTE,CR-LIS
tis_pontos.fid-8091ffc_197eb0e14a4_38be,12,Inhacorá,Kaingang,São Valério do Sul,RS,0,Em Estudo,Tradicionalmente ocupada,Reestudo,,17102,55,POINT (-53.94042135965424 -27.86292763185917),30202002081,COORDENACAO REGIONAL DE PASSO FUNDO,CR-PFD
tis_pontos.fid-8091ffc_197eb0e14a4_38bf,13,Jeripancó,Jeripancó,"Pariconha, Água Branca",AL,0,Em Estudo,Tradicionalmente ocupada,Reestudo,,19401,62,POINT (-38.07046710612729 -9.22417244514406),30202001969,COORDENACAO REGIONAL NORDESTE I,CR-NE-I
tis_pontos.fid-8091ffc_197eb0e14a4_38c0,14,Kaingang de Iraí,Kaingang,Iraí,RS,0,Em Estudo,Tradicionalmente ocupada,Reestudo,,20102,65,POINT (-53.19864849989294 -27.23085967654765),30202002081,COORDENACAO REGIONAL DE PASSO FUNDO,CR-PFD
tis_pontos.fid-8091ffc_197eb0e14a4_38c1,15,Karajá Santana do Araguaia,Karajá,Santa Maria das Barreiras,PA,0,Em Estudo,Tradicionalmente ocupada,Reestudo,,21302,69,POINT (-49.89375404946521 -8.936424948628515),30202001962,COORDENACAO REGIONAL ARAGUAIA TOCANTINS,CR- ARGTO
tis_pontos.fid-8091ffc_197eb0e14a4_38c2,16,Karitiana,Karitiana,Porto Velho,RO,0,Em Estudo,Tradicionalmente ocupada,Reestudo,,21802,70,POINT (-63.864972638474136 -9.704017411960255),30202001948,COORDENACAO REGIONAL DE JI PARANA,CR- JPR
tis_pontos.fid-8091ffc_197eb0e14a4_38c3,17,Lalima,"Kinikinau, Terena",Miranda,MS,0,Em Estudo,Tradicionalmente ocupada,Reestudo,,25102,79,POINT (-56.232372914944854 -20.564525227267378),30202002004,COORDENACAO REGIONAL DE CAMPO GRANDE,CR-CGR
tis_pontos.fid-8091ffc_197eb0e14a4_38c4,18,Massiambu,Guaraní Mbya,Palhoça,SC,0,Em Estudo,Tradicionalmente ocupada,,,27801,85,POINT (-48.65613889 -27.82354444),30202002095,COORDENACAO REGIONAL LITORAL SUL,CR-LISUL
tis_pontos.fid-8091ffc_197eb0e14a4_38c5,19,Mata Medonha,Pataxó,Santa Cruz Cabrália,BA,0,Em Estudo,Tradicionalmente ocupada,Reestudo,,28002,86,POINT (-39.0881677993953 -16.10240370954769),30202001990,COORDENACAO REGIONAL DO SUL DA BAHIA,CR-SBA
tis_pontos.fid-8091ffc_197eb0e14a4_38c6,20,Mbiguaçu,"Guaraní Mbya, Guaraní Nhandeva",Biguaçu,SC,0,Em Estudo,Tradicionalmente ocupada,Reestudo,,28402,145,POINT (-48.66834575 -27.40470347),30202002095,COORDENACAO REGIONAL LITORAL SUL,CR-LISUL
tis_pontos.fid-8091ffc_197eb0e14a4_38c7,21,Muratuba,Mura,Autazes,AM,0,Em Estudo,Tradicionalmente ocupada,,,29901,94,POINT (-59.65787272329144 -3.854158393676559),30202001871,COORDENACAO REGIONAL DE MANAUS,CR-MAO
tis_pontos.fid-8091ffc_197eb0e14a4_38c8,22,Parati-Mirim,Guaraní,Paraty,RJ,0,Em Estudo,Tradicionalmente ocupada,Reestudo,,33302,99,POINT (-44.64342448707819 -23.24696052234662),30202002074,COORDENACAO REGIONAL LITORAL SUDESTE,CR-LIS
tis_pontos.fid-8091ffc_197eb0e14a4_38c9,23,Pilad Rebuá,Terena,Miranda,MS,0,Em Estudo,Tradicionalmente ocupada,Reestudo,,35202,102,POINT (-56.37038251717456 -20.291335161717978),30202002004,COORDENACAO REGIONAL DE CAMPO GRANDE,CR-CGR
tis_pontos.fid-8091ffc_197eb0e14a4_38ca,24,Rio Arraias,Kaiabi,Marcelândia,MT,0,Em Estudo,Tradicionalmente ocupada,,,38401,108,POINT (-54.18133387737179 -11.181873372663903),30202002060,COORDENACAO REGIONAL DO XINGU,CR-XIG
tis_pontos.fid-8091ffc_197eb0e14a4_38cb,25,Sangradouro/Volta Grande,"Boróro, Xavante","General Carneiro, Novo São Joaquim, Poxoréu, Primavera do Leste",MT,0,Em Estudo,Tradicionalmente ocupada,Reestudo,,41102,113,POINT (-53.94805449633446 -15.680539583241044),30202002053,COORDENACAO REGIONAL XAVANTE,CR-XAV
tis_pontos.fid-8091ffc_197eb0e14a4_38cc,26,Tapirapé/Karajá,"Karajá, Tapirapé","Luciara, Santa Terezinha",MT,0,Em Estudo,Tradicionalmente ocupada,Reestudo,,44002,121,POINT (-50.81812740645508 -10.92303074359286),30202001962,COORDENACAO REGIONAL ARAGUAIA TOCANTINS,CR- ARGTO
tis_pontos.fid-8091ffc_197eb0e14a4_38cd,27,Tereza Cristina,Boróro,Santo Antônio de Leverger,MT,0,Em Estudo,Tradicionalmente ocupada,Reestudo,,45002,124,POINT (-55.24549853539553 -16.50725095915211),30202002025,COORDENACAO REGIONAL DE CUIABA,CR-CBA
tis_pontos.fid-8091ffc_197eb0e14a4_38ce,28,Uaça,Karipuna,Oiapoque,AP,0,Em Estudo,Tradicionalmente ocupada,Reestudo,,47602,128,POINT (-51.88640033266923 2.717123399947066),30202001899,COORDENACAO REGIONAL AMAPÁ E NORTE DO PARÁ,CR-APNP
tis_pontos.fid-8091ffc_197eb0e14a4_38cf,29,Wawi,Kisêdjê,Querência,MT,0,Em Estudo,Tradicionalmente ocupada,Reestudo,,49802,132,POINT (-52.82158368595266 -11.797913935116886),30202002060,COORDENACAO REGIONAL DO XINGU,CR-XIG
tis_pontos.fid-8091ffc_197eb0e14a4_38d0,30,Lago do Barrigudo,Apurinã,Beruri,AM,0,Em Estudo,Tradicionalmente ocupada,,,51401,75,POINT (-61.2117277901872 -4.249466263518479),30202001871,COORDENACAO REGIONAL DE MANAUS,CR-MAO
tis_pontos.fid-8091ffc_197eb0e14a4_38d1,31,Borari de Alter do Chão,Borari,Santarém,PA,0,Em Estudo,Tradicionalmente ocupada,,,51901,18,POINT (-54.961741666667 -2.5234972222222),30202001927,COORDENACAO REGIONAL DE TAPAJOS,CR-TPJ
tis_pontos.fid-8091ffc_197eb0e14a4_38d2,32,Jaminawá da Colocação São Paulino,Yaminawa,Boca do Acre,AM,0,Em Estudo,Tradicionalmente ocupada,,,52001,58,POINT (-68.69146474181161 -8.991460111357522),30202001845,COORDENACAO REGIONAL ALTO PURUS,CR-ALPR
tis_pontos.fid-8091ffc_197eb0e14a4_38d3,33,Igarapé Paiol,Apurinã,Manaquiri,AM,0,Em Estudo,Tradicionalmente ocupada,,,52901,51,POINT (-60.69503960699735 -3.832873372234702),30202001871,COORDENACAO REGIONAL DE MANAUS,CR-MAO
tis_pontos.fid-8091ffc_197eb0e14a4_38d4,34,Pacajá,Asurini do Tocantins,Portel,PA,0,Em Estudo,Tradicionalmente ocupada,,,55401,98,POINT (-50.165221743154795 -3.174859478187744),30202001906,COORDENACAO REGIONAL DO BAIXO TOCANTINS,CR- BTC
tis_pontos.fid-8091ffc_197eb0e14a4_38d5,35,Caiapucá,Yaminawa,Boca do Acre,AM,0,Em Estudo,Tradicionalmente ocupada,,,55801,21,POINT (-68.33822837119845 -9.08301167099486),30202001845,COORDENACAO REGIONAL ALTO PURUS,CR-ALPR
tis_pontos.fid-8091ffc_197eb0e14a4_38d6,36,Nawa,Nawa,Mâncio Lima,AC,0,Em Estudo,Tradicionalmente ocupada,,,56601,95,POINT (-73.58052070139605 -7.588068355665588),30202001852,COORDENACAO REGIONAL DO JURUÁ,CR-JRU
tis_pontos.fid-8091ffc_197eb0e14a4_38d7,37,Vila Real,Tenetehara,Barra do Corda,MA,0,Em Estudo,Tradicionalmente ocupada,,,56901,129,POINT (-45.27445841680003 -5.788786207925763),30202001997,COORDENACAO REGIONAL MARANHÃO,CR-MA
tis_pontos.fid-8091ffc_197eb0e14a4_38d8,38,São Gabriel/São Salvador,Kokama,Santo Antônio do Içá,AM,0,Em Estudo,Tradicionalmente ocupada,,,57201,115,POINT (-67.94405773438733 -3.15438899113069),30202001857,COORDENACAO REGIONAL DO ALTO SOLIMOES,CR-ASL
tis_pontos.fid-8091ffc_197eb0e14a4_38d9,39,Kaxinawá Seringal Curralinho,Kaxinawá,Feijó,AC,0,Em Estudo,Tradicionalmente ocupada,,,57301,73,POINT (-70.61414119170993 -8.412818187201756),30202001852,COORDENACAO REGIONAL DO JURUÁ,CR-JRU
tis_pontos.fid-8091ffc_197eb0e14a4_38da,40,Jaminawa do Rio Caeté,Yaminawa,Sena Madureira,AC,0,Em Estudo,Tradicionalmente ocupada,,,60801,59,POINT (-69.1786792000835 -9.172985973382904),30202001845,COORDENACAO REGIONAL ALTO PURUS,CR-ALPR
tis_pontos.fid-8091ffc_197eb0e14a4_38db,41,Massekury/Kãmapa (Jamamadi do Lourdes),"Apurinã, Jamamadí",Boca do Acre,AM,0,Em Estudo,Tradicionalmente ocupada,,,61101,84,POINT (-67.66226432608406 -8.760129137401305),30202001845,COORDENACAO REGIONAL ALTO PURUS,CR-ALPR
tis_pontos.fid-8091ffc_197eb0e14a4_38dc,42,Aracá-Padauiri (Baixo Rio Negro),"Baré, Makúrap, Tukano",Barcelos,AM,0,Em Estudo,Tradicionalmente ocupada,,,62101,8,POINT (-63.429125501480435 -0.601744303258599),30202001885,COORDENACAO REGIONAL DO RIO NEGRO,CR-RNEG
tis_pontos.fid-8091ffc_197eb0e14a4_38dd,43,Manchineri do Seringal Guanabara (Riozinho Iaco),Machineri,"Assis Brasil, Sena Madureira",AC,0,Em Estudo,Tradicionalmente ocupada,,,62701,83,POINT (-69.59912018401455 -10.380185535484143),30202001845,COORDENACAO REGIONAL ALTO PURUS,CR-ALPR
tis_pontos.fid-8091ffc_197eb0e14a4_38de,44,Eterãirebere,Xavante,"Campinápolis, Novo São Joaquim, Santo Antônio do Leste",MT,0,Em Estudo,Tradicionalmente ocupada,,,64101,38,POINT (-53.35182361571536 -15.040656629724056),30202002053,COORDENACAO REGIONAL XAVANTE,CR-XAV
tis_pontos.fid-8091ffc_197eb0e14a4_38df,45,Isoúpà,Xavante,"Campinápolis, Nova Xavantina, Água Boa",MT,0,Em Estudo,Tradicionalmente ocupada,,,64201,56,POINT (-53.19588318849664 -13.894169384133944),30202002053,COORDENACAO REGIONAL XAVANTE,CR-XAV
tis_pontos.fid-8091ffc_197eb0e14a4_38e0,46,Norotsurã,Xavante,"Campinápolis, Nova Xavantina, Água Boa",MT,0,Em Estudo,Tradicionalmente ocupada,,,64301,97,POINT (-52.83467245764595 -14.203684565260552),30202002053,COORDENACAO REGIONAL XAVANTE,CR-XAV
tis_pontos.fid-8091ffc_197eb0e14a4_38e1,47,Huuhi,Xavante,Paranatinga,MT,0,Em Estudo,Tradicionalmente ocupada,,,64401,50,POINT (-53.422567881139095 -14.119682521443051),30202002053,COORDENACAO REGIONAL XAVANTE,CR-XAV
tis_pontos.fid-8091ffc_197eb0e14a4_38e2,48,Mundo Novo/Viração,Potiguara,"Monsenhor Tabosa, Tamboril",CE,0,Em Estudo,Tradicionalmente ocupada,,,64701,93,POINT (-40.15989934633203 -4.903656822695633),30202001976,COORDENACAO REGIONAL NORDESTE II,CR-NE-II
tis_pontos.fid-8091ffc_197eb0e14a4_38e3,49,Roro-Walu (Jatobá/Ikpeng),Ikpeng,Paranatinga,MT,0,Em Estudo,Tradicionalmente ocupada,,,65001,111,POINT (-54.19198889 -12.72694444),30202002060,COORDENACAO REGIONAL DO XINGU,CR-XIG
tis_pontos.fid-8091ffc_197eb0e14a4_38e4,50,Kaaguy Guaxy - Palmital,Guaraní,União da Vitória,PR,0,Em Estudo,Tradicionalmente ocupada,,,65201,63,POINT (-51.193679305625 -26.0429515),30202002408,COORDENACAO REGIONAL DE GUARAPUAVA,CR-GRP
tis_pontos.fid-8091ffc_197eb0e14a4_38e5,51,Puruborá,Puroborá,"Seringueiras, São Francisco do Guaporé",RO,0,Em Estudo,Tradicionalmente ocupada,,,65501,106,POINT (-63.3148907345721 -11.981997885014112),30202001948,COORDENACAO REGIONAL DE JI PARANA,CR- JPR
tis_pontos.fid-8091ffc_197eb0e14a4_38e6,52,Kaaguy Poty,Guaraní,Estrela Velha,RS,0,Em Estudo,Tradicionalmente ocupada,,,66201,64,POINT (-53.10372228743902 -29.40323174763251),30202002095,COORDENACAO REGIONAL LITORAL SUL,CR-LISUL
tis_pontos.fid-8091ffc_197eb0e14a4_38e7,53,Apapeguá,Guarani Kaiowá,Ponta Porã,MS,0,Em Estudo,Tradicionalmente ocupada,,,66601,45,POINT (-55.934217055840605 -22.071006420211383),30202002018,COORDENACAO REGIONAL DE PONTA PORA,CR-PTPR
tis_pontos.fid-8091ffc_197eb0e14a4_38e8,54,Guaivyry-Joyvy (Amambaipeguá),Guarani Kaiowá,Ponta Porã,MS,0,Em Estudo,Tradicionalmente ocupada,,,66701,52,POINT (-55.39873430559368 -22.86342156670772),30202002018,COORDENACAO REGIONAL DE PONTA PORA,CR-PTPR
tis_pontos.fid-8091ffc_197eb0e14a4_38e9,55,Iguatemipeguá II,Guarani Kaiowá,"Amambai, Aral Moreira, Coronel Sapucaia, Dourados, Iguatemi, Paranhos, Tacuru",MS,0,Em Estudo,Tradicionalmente ocupada,,,66801,88,POINT (-55.32563353429407 -23.325645296236488),30202002018,COORDENACAO REGIONAL DE PONTA PORA,CR-PTPR
tis_pontos.fid-8091ffc_197eb0e14a4_38ea,56,Mbocajá (Ñandévapeguá),Guaraní,Japorã,MS,0,Em Estudo,Tradicionalmente ocupada,,,67001,36,POINT (-54.52771635905491 -23.62201116547011),30202002018,COORDENACAO REGIONAL DE PONTA PORA,CR-PTPR
tis_pontos.fid-8091ffc_197eb0e14a4_38eb,57,Araçai (Karuguá),Guaraní,Piraquara,PR,0,Em Estudo,Tradicionalmente ocupada,,,67901,117,POINT (-49.02440772206717 -25.4706500183931),30202002095,COORDENACAO REGIONAL LITORAL SUL,CR-LISUL
tis_pontos.fid-8091ffc_197eb0e14a4_38ec,58,Escrivão,"Maytapu, Munduruku",Aveiro,PA,0,Em Estudo,Tradicionalmente ocupada,,,68001,107,POINT (-55.43184325896932 -3.519902134600787),30202001927,COORDENACAO REGIONAL DE TAPAJOS,CR-TPJ
tis_pontos.fid-8091ffc_197eb0e14a4_38ed,59,Tekoha Porã (Itaporanga),Guaraní Nhandeva,Itaporanga,SP,0,Em Estudo,Tradicionalmente ocupada,,,68201,76,POINT (-49.522138375438516 -23.693174913506343),30202002408,COORDENACAO REGIONAL DE GUARAPUAVA,CR-GRP
tis_pontos.fid-8091ffc_197eb0e14a4_38ee,60,Segu,Kaingang,Novo Xingu,RS,0,Em Estudo,Tradicionalmente ocupada,,,68501,91,POINT (-53.01096813304978 -27.760941982419936),30202002081,COORDENACAO REGIONAL DE PASSO FUNDO,CR-PFD
tis_pontos.fid-8091ffc_197eb0e14a4_38ef,61,Pyhaú (Guarani Barão de Antonina),Guaraní,Barão de Antonina,SP,0,Em Estudo,Tradicionalmente ocupada,,,69201,104,POINT (-49.57974078101284 -23.619826666392665),30202002074,COORDENACAO REGIONAL LITORAL SUDESTE,CR-LIS
tis_pontos.fid-8091ffc_197eb0e14a4_38f0,62,Lago Grande,Karajá,Santa Terezinha,MT,0,Em Estudo,Tradicionalmente ocupada,,,69301,60,POINT (-50.438657724748765 -10.02252801727477),30202001962,COORDENACAO REGIONAL ARAGUAIA TOCANTINS,CR- ARGTO
tis_pontos.fid-8091ffc_197eb0e14a4_38f1,63,Morro do Coco,Guaraní,Viamão,RS,0,Em Estudo,Tradicionalmente ocupada,,,69401,101,POINT (-51.056707508950254 -30.265253420248513),30202002095,COORDENACAO REGIONAL LITORAL SUL,CR-LISUL
tis_pontos.fid-8091ffc_197eb0e14a4_38f2,64,Itapuã,Guaraní,Viamão,RS,0,Em Estudo,Tradicionalmente ocupada,,,69501,14,POINT (-51.020147222222 -30.367080555556),30202002095,COORDENACAO REGIONAL LITORAL SUL,CR-LISUL
tis_pontos.fid-8091ffc_197eb0e14a4_38f3,65,Ponta da Formiga,Guaraní,Barra do Ribeiro,RS,0,Em Estudo,Tradicionalmente ocupada,,,69601,100,POINT (-51.19507346263889 -30.39296828590386),30202002095,COORDENACAO REGIONAL LITORAL SUL,CR-LISUL
tis_pontos.fid-8091ffc_197eb0e14a4_38f4,66,Javaé/Ava Canoeiro (Canoanã),Javaé,"Formoso do Araguaia, Sandolândia",TO,0,Em Estudo,Tradicionalmente ocupada,,,70301,3,POINT (-49.94910754252271 -12.149681446117977),30202001962,COORDENACAO REGIONAL ARAGUAIA TOCANTINS,CR- ARGTO
tis_pontos.fid-8091ffc_197eb0e14a4_38f5,67,Petim/Arasaty,Guaraní,Guaíba,RS,0,Em Estudo,Tradicionalmente ocupada,,,70701,30,POINT (-51.365640680953 -30.18534715734384),30202002095,COORDENACAO REGIONAL LITORAL SUL,CR-LISUL
tis_pontos.fid-8091ffc_197eb0e14a4_38f6,68,Arroio do Conde,Kaingang,"Eldorado do Sul, Guaíba",RS,0,Em Estudo,Tradicionalmente ocupada,,,70801,67,POINT (-51.31559178204488 -30.060624437286073),30202002095,COORDENACAO REGIONAL LITORAL SUL,CR-LISUL
tis_pontos.fid-8091ffc_197eb0e14a4_38f7,69,Passo Grande,Guaraní,Barra do Ribeiro,RS,0,Em Estudo,Tradicionalmente ocupada,,,70901,22,POINT (-51.41435116712127 -30.30139839299307),30202002095,COORDENACAO REGIONAL LITORAL SUL,CR-LISUL
tis_pontos.fid-8091ffc_197eb0e14a4_38f8,70,Anacé,Anacé,Caucaia,CE,0,Em Estudo,Tradicionalmente ocupada,,,71101,16,POINT (-38.76316523210062 -3.68651341985499),30202001976,COORDENACAO REGIONAL NORDESTE II,CR-NE-II
tis_pontos.fid-8091ffc_197eb0e14a4_38f9,71,Coroa Vermelha - Gleba C,Pataxó,Porto Seguro,BA,0,Em Estudo,Reserva Indígena,,,72201,80,POINT (-39.07913930616406 -16.345247824128545),30202001990,COORDENACAO REGIONAL DO SUL DA BAHIA,CR-SBA
tis_pontos.fid-8091ffc_197eb0e14a4_38fa,72,Kalanko,Kalankó,Água Branca,AL,0,Em Estudo,Tradicionalmente ocupada,,,73201,82,POINT (-37.967639143581025 -9.20503437494572),30202001969,COORDENACAO REGIONAL NORDESTE I,CR-NE-I
tis_pontos.fid-8091ffc_197eb0e14a4_38fb,73,Cambirela,Guaraní Mbya,Palhoça,SC,0,Em Estudo,Tradicionalmente ocupada,,,73401,109,POINT (-48.64293333 -27.72399167),30202002095,COORDENACAO REGIONAL LITORAL SUL,CR-LISUL
tis_pontos.fid-8091ffc_197eb0e14a4_38fc,74,Baixo Seruini,Apurinã,Pauini,AM,0,Em Estudo,Tradicionalmente ocupada,,,73701,29,POINT (-66.88381254037996 -7.828052301797108),30202001878,COORDENACAO REGIONAL MÉDIO PURUS,CR-MPR
tis_pontos.fid-8091ffc_197eb0e14a4_38fd,75,Lami,Guaraní,Porto Alegre,RS,0,Em Estudo,Tradicionalmente ocupada,,,73703,90,POINT (-51.099994224209745 -30.218792752623756),30202002095,COORDENACAO REGIONAL LITORAL SUL,CR-LISUL
tis_pontos.fid-8091ffc_197eb0e14a4_38fe,76,Estiva,Guaraní,Viamão,RS,0,Em Estudo,Tradicionalmente ocupada,,,73704,72,POINT (-50.764833333333 -30.101711111111),30202002095,COORDENACAO REGIONAL LITORAL SUL,CR-LISUL
tis_pontos.fid-8091ffc_197eb0e14a4_38ff,77,Lomba do Pinheiro,Guaraní,Porto Alegre,RS,0,Em Estudo,Tradicionalmente ocupada,,,73705,133,POINT (-51.090938888889 -30.142244444444),30202002095,COORDENACAO REGIONAL LITORAL SUL,CR-LISUL
tis_pontos.fid-8091ffc_197eb0e14a4_3900,78,Rio Capivari - Porãi,Guaraní,Capivari do Sul,RS,0,Em Estudo,Tradicionalmente ocupada,,,73706,110,POINT (-50.56661236501316 -30.147135744192134),30202002095,COORDENACAO REGIONAL LITORAL SUL,CR-LISUL
tis_pontos.fid-8091ffc_197eb0e14a4_3901,79,Cinta Vermelha Jundiba,"Pankararu, Pataxó",Araçuaí,MG,0,Em Estudo,Reserva Indígena,,,73707,12,POINT (-42.037758525442875 -16.743562313859094),30202002067,COORDENACAO REGIONAL DE MINAS GERAIS E ESPIRITO SANTOS,CR-MGES
tis_pontos.fid-8091ffc_197eb0e14a4_3902,80,Monte Caseros - RS,Kaingang,"Ibiraiaras, Muliterno",RS,0,Em Estudo,Tradicionalmente ocupada,Reestudo,,73710,26,POINT (-51.65792749355684 -28.28792260036104),30202002081,COORDENACAO REGIONAL DE PASSO FUNDO,CR-PFD
tis_pontos.fid-8091ffc_197eb0e14a4_3903,81,Kaxarari - AM RO,Kaxarari,"Lábrea, Porto Velho","AM, RO",0,Em Estudo,Tradicionalmente ocupada,Reestudo,,73712,131,POINT (-66.21723582414218 -9.114836085531614),30202001845,COORDENACAO REGIONAL ALTO PURUS,CR-ALPR
tis_pontos.fid-8091ffc_197eb0e14a4_3904,82,Ygua Porã (Amâncio),Guaraní,Biguaçu,SC,0,Em Estudo,Tradicionalmente ocupada,,,73713,15,POINT (-48.7709305556 -27.3587583333),30202002095,COORDENACAO REGIONAL LITORAL SUL,CR-LISUL
tis_pontos.fid-8091ffc_197eb0e14a4_3905,83,Rio Cautário,"Djeoromtxi-Jabuti, Kanoé, Kujubim","Costa Marques, Guajará-Mirim",RO,0,Em Estudo,Tradicionalmente ocupada,,,73715,112,POINT (-64.46859283772152 -12.138867699955679),30202001941,COORDENACAO REGIONAL DE GUAJARA MIRIM,CR-GJM
tis_pontos.fid-8091ffc_197eb0e14a4_3906,84,Areal,Tembé,Santa Maria do Pará,PA,0,Em Estudo,Tradicionalmente ocupada,,,73716,130,POINT (-47.61780024999999 -1.38632933231128),30202001906,COORDENACAO REGIONAL DO BAIXO TOCANTINS,CR- BTC
tis_pontos.fid-8091ffc_197eb0e14a4_3907,85,Nonoai/Rio da Varzea-RS,Kaingang,"Gramado dos Loureiros, Liberato Salzano, Nonoai, Planalto, Trindade do Sul",RS,0,Em Estudo,Tradicionalmente ocupada,Reestudo,,73721,33,POINT (-53.15527581140231 -27.481731118123683),30202002081,COORDENACAO REGIONAL DE PASSO FUNDO,CR-PFD
tis_pontos.fid-8091ffc_197eb0e14a4_3908,86,Carretão,Tapuia,"Nova América, Rubiataba",GO,0,Em Estudo,Tradicionalmente ocupada,Reestudo,,73723,77,POINT (-50.025 -15.0625),30202001962,COORDENACAO REGIONAL ARAGUAIA TOCANTINS,CR- ARGTO
tis_pontos.fid-8091ffc_197eb0e14a4_3909,87,Waimiri-Atroari,Waimiri Atroari,"Novo Airão, Presidente Figueiredo, Rorainópolis","AM, RR",0,Em Estudo,Tradicionalmente ocupada,,,73724,81,POINT (-60.00725151749244 -0.701400231770744),30202001871,COORDENACAO REGIONAL DE MANAUS,CR-MAO
tis_pontos.fid-8091ffc_197eb0e14a4_390a,88,Auati-Paraná (Santa União),"Kokama, Miránha, Tikúna",Fonte Boa,AM,0,Em Estudo,Tradicionalmente ocupada,,,73725,105,POINT (-66.6479861111 -2.32222777778),30202001857,COORDENACAO REGIONAL DO ALTO SOLIMOES,CR-ASL
tis_pontos.fid-8091ffc_197eb0e14a4_390b,89,Sagi/Trabanda,Potiguara,Baía Formosa,RN,0,Em Estudo,Tradicionalmente ocupada,,,73726,43,POINT (-35.0279995253261 -6.452198016268609),30202001976,COORDENACAO REGIONAL NORDESTE II,CR-NE-II
tis_pontos.fid-8091ffc_197eb0e14a4_390c,90,Vitoi Kuê,Guaraní,"Japorã, Mundo Novo",MS,0,Em Estudo,Tradicionalmente ocupada,,,73728,34,POINT (-54.3569 -23.9536),30202002018,COORDENACAO REGIONAL DE PONTA PORA,CR-PTPR
tis_pontos.fid-8091ffc_197eb0e14a4_390d,91,Dourados-Amambaipeguá II,Guaraní,"Amambai, Caarapó, Dourados, Juti, Laguna Carapã, Naviraí",MS,0,Em Estudo,Tradicionalmente ocupada,,,73729,71,POINT (-54.2640666667 -23.0703388889),30202002011,COORDENACAO REGIONAL DE DOURADOS,CR-DOU
tis_pontos.fid-8091ffc_197eb0e14a4_390e,92,Laguna Piru (Nhandeva Peguá),Guaraní,Eldorado,MS,0,Em Estudo,Tradicionalmente ocupada,,,73730,61,POINT (-54.2588 -23.61),30202002018,COORDENACAO REGIONAL DE PONTA PORA,CR-PTPR
tis_pontos.fid-8091ffc_197eb0e14a4_390f,93,Laranjeira Nhanderu (Brilhantepeguá),Guarani Kaiowá,Rio Brilhante,MS,0,Em Estudo,Tradicionalmente ocupada,,,73731,53,POINT (-54.5555 -21.8711),30202002018,COORDENACAO REGIONAL DE PONTA PORA,CR-PTPR
tis_pontos.fid-8091ffc_197eb0e14a4_3910,94,Potrerito (Nhandeva Peguá),Guaraní,"Paranhos, Sete Quedas, Tacuru",MS,0,Em Estudo,Tradicionalmente ocupada,,,73732,5,POINT (-55.3177 -23.8872),30202002018,COORDENACAO REGIONAL DE PONTA PORA,CR-PTPR
tis_pontos.fid-8091ffc_197eb0e14a4_3911,95,Garcete Kuê (Nhandeva Peguá),Guaraní,Sete Quedas,MS,0,Em Estudo,Tradicionalmente ocupada,,,73733,120,POINT (-54.9016 -23.8722),30202002018,COORDENACAO REGIONAL DE PONTA PORA,CR-PTPR
tis_pontos.fid-8091ffc_197eb0e14a4_3912,96,Dourados-Amambaipeguá III,Guaraní,"Caarapó, Dourados",MS,0,Em Estudo,Tradicionalmente ocupada,,,73734,32,POINT (-54.63894722 -23.41747778),30202002018,COORDENACAO REGIONAL DE PONTA PORA,CR-PTPR
tis_pontos.fid-8091ffc_197eb0e14a4_3913,97,Karugwá (Guarani Barão de Antonina),Guaraní,Barão de Antonina,SP,0,Em Estudo,Tradicionalmente ocupada,,,73735,6,POINT (-49.5663 -23.6513),30202002074,COORDENACAO REGIONAL LITORAL SUDESTE,CR-LIS
tis_pontos.fid-8091ffc_197eb0e14a4_3914,98,Jeju,Tembé,Santa Maria do Pará,PA,0,Em Estudo,Tradicionalmente ocupada,,,73737,1,POINT (-47.5663 -1.4377),30202001906,COORDENACAO REGIONAL DO BAIXO TOCANTINS,CR- BTC
tis_pontos.fid-8091ffc_197eb0e14a4_3915,99,Iguatemipeguá III,Guarani Kaiowá,Tacuru,MS,0,Em Estudo,Tradicionalmente ocupada,,,73739,48,POINT (-55.0836 -23.758),30202002018,COORDENACAO REGIONAL DE PONTA PORA,CR-PTPR
tis_pontos.fid-8091ffc_197eb0e14a4_3916,100,Apucarana - Reestudo,Kaingang,Londrina,PR,0,Em Estudo,Tradicionalmente ocupada,Reestudo,,73740,122,POINT (-50.97584999999999 -23.846297222311268),30202002088,COORDENACAO REGIONAL INTERIOR DO SUL,CR-INTSUL
tis_pontos.fid-8091ffc_197eb0e14a4_3917,101,Tabajara,Tabajara,"Alhandra, Conde, Pitimbu",PB,0,Em Estudo,Tradicionalmente ocupada,,,73741,92,POINT (-34.864894 -7.322547),30202001976,COORDENACAO REGIONAL NORDESTE II,CR-NE-II
tis_pontos.fid-8091ffc_197eb0e14a4_3918,102,Douradopeguá,Guaraní,Dourados,MS,0,Em Estudo,Tradicionalmente ocupada,principal,,73743,41,POINT (-54.863416667688725 -22.258416667688714),30202002011,COORDENACAO REGIONAL DOURADOS,CR-DOU
tis_pontos.fid-8091ffc_197eb0e14a4_3919,103,Apykai,"Guarani Kaiowá, Guaraní",Dourados,MS,0,Em Estudo,Tradicionalmente ocupada,principal,,73744,119,POINT (-54.863416667688725 -22.258416667688714),30202002011,COORDENACAO REGIONAL DOURADOS,CR-DOU
tis_pontos.fid-8091ffc_197eb0e14a4_391a,104,Aldeia Renascer (Ywyty Guasu),"Guarani Mbya, Guaraní",Ubatuba,SP,0,Em Estudo,Tradicionalmente ocupada,,,73746,47,POINT (-45.19262500139414 -23.476666548452556),30202002074,COORDENACAO REGIONAL LITORAL SUDESTE,CR-LIS
tis_pontos.fid-8091ffc_197eb0e14a4_391b,105,Guarani de Paranapuã (Xixova Japui),"Guaraní Mbya, Guaraní Nhandeva",São Vicente,SP,0,Em Estudo,Tradicionalmente ocupada,,,73747,49,POINT (-46.38211111125001 -23.983722222311286),30202002074,COORDENACAO REGIONAL LITORAL SUDESTE,CR-LIS
tis_pontos.fid-8091ffc_197eb0e14a4_391c,106,Taquaritiua,Gamela,"Matinha, Penalva, Viana",MA,0,Em Estudo,Tradicionalmente ocupada,,,73748,103,POINT (-45.179008333333336 -3.2196527777777777),30202001997,COORDENACAO REGIONAL MARANHÃO,CR-MA
tis_pontos.fid-8091ffc_197eb0e14a4_391d,107,Mukurin,Mucurim,Campanário,MG,0,Em Estudo,Tradicionalmente ocupada,,,73749,125,POINT (-41.748000000000005 -18.239000000000004),30202002067,COORDENACAO REGIONAL DE MINAS GERAIS E ESPIRITO SANTOS,CR-MGES
tis_pontos.fid-8091ffc_197eb0e14a4_391e,108,Fulkaxó,"Fulni-ô, Kariri - Xocó","Neópolis, Pacatuba",SE,0,Em Estudo,Reserva Indígena,,,73750,114,POINT (-36.67069166768872 -10.383269444374996),30202001969,COORDENACAO REGIONAL NORDESTE I,CR-NE-I
tis_pontos.fid-8091ffc_197eb0e14a4_391f,109,Surubabel,"Atikum, Tuxá",Rodelas,BA,0,Em Estudo,Tradicionalmente ocupada,,,73751,127,POINT (-38.75599999999999 -8.851),30202001983,COORDENACAO REGIONAL BAIXO SÃO FRANCISCO,CR-BSF
tis_pontos.fid-8091ffc_197eb0e14a4_3920,110,Guarani de Ocoy,Ava-Guarani,São Miguel do Iguaçu,PR,0,Em Estudo,Tradicionalmente ocupada,Reestudo,,73752,118,POINT (-54.305588888889 -25.245447222222),30202002408,COORDENACAO REGIONAL DE GUARAPUAVA,CR-GRP
tis_pontos.fid-8091ffc_197eb0e14a4_3921,111,Guarani de Santa Helena,Ava-Guarani,Santa Helena,PR,0,Em Estudo,Tradicionalmente ocupada,Principal,,73753,54,POINT (-54.333000000000006 -24.860000000000003),30202002408,COORDENACAO REGIONAL DE GUARAPUAVA,CR-GRP
tis_pontos.fid-8091ffc_197eb0e14a4_3922,112,Planalto Santareno,"Apiaká, Mundurukú",Santarém,PA,0,Em Estudo,Tradicionalmente ocupada,,,73754,17,POINT (-54.25374444437499 -2.7784416676887176),30202001927,COORDENACAO REGIONAL DE TAPAJOS,CR-TPJ
tis_pontos.fid-8091ffc_197eb0e14a4_3923,113,Santuario Sagrado dos Pajes,Não especificada,Brasília,DF,0,Em Estudo,Tradicionalmente ocupada,,,73758,89,POINT (-47.9179893657148 -15.752796024065853),30202001962,COORDENACAO REGIONAL ARAGUAIA TOCANTINS,CR- ARGTO
tis_pontos.fid-8091ffc_197eb0e14a4_3924,114,Truká - Reestudo-Reestudo,Truká,Cabrobó,PE,0,Em Estudo,Tradicionalmente ocupada,Reestudo,,73759,74,POINT (-39.43683888875001 -8.501019444375002),30202001983,COORDENACAO REGIONAL BAIXO SÃO FRANCISCO,CR-BSF
tis_pontos.fid-8091ffc_197eb0e14a4_3925,115,Serrote dos Campos,Pankará,Itacuruba,PE,0,Em Estudo,Tradicionalmente ocupada,,,73760,78,POINT (-38.70399999999999 -8.834000000000003),30202001969,COORDENACAO REGIONAL NORDESTE I,CR-NE-I
tis_pontos.fid-8091ffc_197eb0e14a4_3926,116,Krahô - Aldeia Takaywrá,Krahô,Lagoa da Confusão,TO,0,Em Estudo,Reserva Indígena,,,73761,143,POINT (-49.80251928171923 -10.97649123183413),30202001962,COORDENACAO REGIONAL ARAGUAIA TOCANTINS,CR- ARGTO
tis_pontos.fid-8091ffc_197eb0e14a4_3927,117,"Ilhas da Varge, Caxoí e Cana Brava",Tuxi,Belém do São Francisco,PE,0,Em Estudo,Tradicionalmente ocupada,,,73771,25,POINT (-39.215275 -8.682097222311283),30202001983,COORDENACAO REGIONAL BAIXO SÃO FRANCISCO,CR-BSF
tis_pontos.fid-8091ffc_197eb0e14a4_3928,118,Batovi - Reestudo,Wauja,"Gaúcha do Norte, Paranatinga",MT,0,Em Estudo,Tradicionalmente ocupada,Reestudo,,73775,66,POINT (-54.02172222231127 -13.247527777688717),30202002060,COORDENACAO REGIONAL DO XINGU,CR-XIG
tis_pontos.fid-8091ffc_197eb0e14a4_3929,119,Aldeia Serra do Couro Dantas/Aldeia do Cachimbó,Pataxo Há-Há-Há,Ribeirão do Largo,BA,0,Em Estudo,Tradicionalmente ocupada,,,73776,126,POINT (-40.64001666768873 -15.282152777688717),30202002074,COORDENACAO REGIONAL LITORAL SUDESTE,CR-LIS
tis_pontos.fid-8091ffc_197eb0e14a4_392a,120,Migueleno,Migueléno,"Seringueiras, São Francisco do Guaporé, São Miguel do Guaporé",RO,0,Em Estudo,Tradicionalmente ocupada,,,73777,23,POINT (-63.568000000000005 -12.052000000000001),30202001948,COORDENACAO REGIONAL DE JI PARANA,CR-JPR
tis_pontos.fid-8091ffc_197eb0e14a4_392b,121,Terra do Moia Mala (Jaguari),Guaraní,Cocalinho,MT,0,Em Estudo,Tradicionalmente ocupada,,,73778,39,POINT (-51.431102777688714 -14.108652777688722),30202002053,COORDENACAO REGIONAL XAVANTE,CR-XAV
tis_pontos.fid-8091ffc_197eb0e14a4_392c,122,Lajeado do Bugre,Kaingang,"Cerro Grande, Lajeado do Bugre, Sagrada Família",RS,0,Em Estudo,Tradicionalmente ocupada,,,73779,40,POINT (-53.182 -27.689),30202002081,COORDENACAO REGIONAL DE PASSO FUNDO,CR-PFD
tis_pontos.fid-8091ffc_197eb0e14a4_392d,123,Carazinho,Kaingang,Carazinho,RS,0,Em Estudo,Tradicionalmente ocupada,,,73782,28,POINT (-52.775677777688735 -28.27153611125002),30202002081,COORDENACAO REGIONAL DE PASSO FUNDO,CR-PFD
tis_pontos.fid-8091ffc_197eb0e14a4_392e,124,Kaingang de Vitorino,Kaingang,Vitorino,PR,0,Em Estudo,Tradicionalmente ocupada,,,73783,9,POINT (-52.784000000000006 -26.27700000000002),30202002408,COORDENACAO REGIONAL DE GUARAPUAVA,CR-GRP
tis_pontos.fid-8091ffc_197eb0e14a4_392f,125,Terra Indígena Tremembé de Engenho,Tremembé,São José de Ribamar,MA,0,Em Estudo,Tradicionalmente ocupada,,,73784,10,POINT (-44.15841666768873 -2.5657166676887204),30202001997,COORDENACAO REGIONAL MARANHÃO,CR-MA
tis_pontos.fid-8091ffc_197eb0e14a4_3930,126,Campo do Meio (Re Kuju),Kaingang,"Ciríaco, Gentil",RS,0,Em Estudo,Tradicionalmente ocupada,,,73786,136,POINT (-52.044877777688725 -28.32478888874999),30202002081,COORDENACAO REGIONAL DE PASSO FUNDO,CR-PFD
tis_pontos.fid-8091ffc_197eb0e14a4_3931,127,Faxinal/São Miguel (Goj Kusa),Kaingang,Água Santa,RS,0,Em Estudo,Tradicionalmente ocupada,,,73787,135,POINT (-52.03400000000002 -28.177),30202002081,COORDENACAO REGIONAL DE PASSO FUNDO,CR-PFD
tis_pontos.fid-8091ffc_197eb0e14a4_3932,128,Fazenda Remanso Guaçu (TI Yvy-Katu/ Porto Lindo),Guarani Nhandeva,Japorã,MS,0,Em Estudo,Tradicionalmente ocupada,,,73788,137,POINT (-54.53266944 -23.77971389),30202002018,COORDENACAO REGIONAL DE PONTA PORA,CR-PTPR
tis_pontos.fid-8091ffc_197eb0e14a4_3933,129,Cassupá e Salamãi,Salamãy,"Chupinguaia, Vilhena",RO,0,Em Estudo,Tradicionalmente ocupada,,,73790,138,POINT (-60.89972222 -12.55222222),30202001871,COORDENACAO REGIONAL DE MANAUS,CR-MAO
tis_pontos.fid-8091ffc_197eb0e14a4_3934,130,Aranã Caboclo,Aranã,"Araçuaí, Coronel Murta",MG,0,Em Estudo,Tradicionalmente ocupada,,,73791,134,POINT (-42.07 -16.85),30202002067,COORDENACAO REGIONAL DE MINAS GERAIS E ESPIRITO SANTOS,CR-MGES
tis_pontos.fid-8091ffc_197eb0e14a4_3935,131,Aranã Índio,Aranã,"Araçuaí, Coronel Murta",MG,0,Em Estudo,Tradicionalmente ocupada,,,73792,140,POINT (-42.07 -16.85),30202002067,COORDENACAO REGIONAL DE MINAS GERAIS E ESPIRITO SANTOS,CR-MGES
tis_pontos.fid-8091ffc_197eb0e14a4_3936,132,Kinikinau do Agachi,Kinikinau,"Aquidauana, Miranda",MS,0,Em Estudo,Tradicionalmente ocupada,Principal,,73794,141,POINT (-56.118444444444 -20.369019444444),30202002004,COORDENACAO REGIONAL DE CAMPO GRANDE,CR-CGR
tis_pontos.fid-8091ffc_197eb0e14a4_3937,133,Kulina do Rio Uerê (Matatibem),Kulina Madijá,Carauari,AM,0,Em Estudo,Tradicionalmente ocupada,Principal,,73795,139,POINT (-67.009113587364 -5.207422511403872),30202001845,COORDENACAO REGIONAL ALTO PURUS,CR-ALPR
tis_pontos.fid-8091ffc_197eb0e14a4_3938,134,Lago do Soares e Urucurituba,Múra,Autazes,AM,0,Em Estudo,Tradicionalmente ocupada,,,73797,148,POINT (-58.92980278 -3.548575),30202001871,COORDENACAO REGIONAL DE MANAUS,CR-MAO
tis_pontos.fid-8091ffc_197eb0e14a4_3939,135,Estirão,"Kulina Páno, Yaminawa",Santa Rosa do Purus,AC,0,Em Estudo,Tradicionalmente ocupada,Principal,,73800,149,POINT (-70.5194727037517 -9.475258895204623),30202001845,COORDENACAO REGIONAL ALTO PURUS,CR-ALPR
tis_pontos.fid-8091ffc_197eb0e14a4_393a,136,Kuaray Haxa,Guaraní,"Antonina, Guaraqueçaba",PR,0,Em Estudo,Tradicionalmente ocupada,,,73801,144,POINT (-48.61006389 -25.29450556),30202001852,COORDENACAO REGIONAL LITORAL SUL,CR-LISUL
tis_pontos.fid-8091ffc_197eb0e14a4_393b,137,Ponta do Arado​,Guarani Mbya,Porto Alegre,RS,0,Em Estudo,Tradicionalmente ocupada,,,73802,142,POINT (-51.189999999981275 -30.23384721999999),30202001871,COORDENACAO REGIONAL DE MANAUS,CR-MAO
tis_pontos.fid-8091ffc_197eb0e14a4_393c,138,Kógunh Mág/Jagtyg Fykóg,Kaingang,Canela,RS,0,Em Estudo,Tradicionalmente ocupada,,,73803,147,POINT (-50.814558333333 -29.323144444444),30202002081,COORDENACAO REGIONAL DE PASSO FUNDO,CR-PFD
tis_pontos.fid-8091ffc_197eb0e14a4_393d,139,Zagaua (Konglui),Xokléng,"Riozinho, São Francisco de Paula",RS,0,Em Estudo,Tradicionalmente ocupada,,,73804,146,POINT (-50.380833333333 -29.392777777778),30202002095,COORDENACAO REGIONAL LITORAL SUL,CR-LISUL
tis_pontos.fid-8091ffc_197eb0e14a4_393e,140,Médio Rio Madeira,Múra,Manicoré,AM,0,Em Estudo,Tradicionalmente ocupada,,,73805,151,POINT (-61.89079722 -6.026875),30202001871,COORDENACAO REGIONAL DE MANAUS,CR-MAO
tis_pontos.fid-8091ffc_197eb0e14a4_393f,141,Curriã,Apurinã,Lábrea,AM,0,Em Estudo,Tradicionalmente ocupada,,,73808,153,POINT (-65.68969444444444 -7.773805555555556),30202001878,COORDENACAO REGIONAL MÉDIO PURUS,CR-MPR
tis_pontos.fid-8091ffc_197eb0e14a4_3940,142,Kapyra Kanakury,"Apurinã, Jamamadí",Pauini,AM,0,Em Estudo,Tradicionalmente ocupada,,,73809,154,POINT (-67.15138888888889 -7.818611111111111),30202001878,COORDENACAO REGIONAL MÉDIO PURUS,CR-MPR
tis_pontos.fid-8091ffc_197eb0e14a4_3941,143,Baixo Marmelos,"Mundurukú, Múra, Tenharim, Torá","Humaitá, Manicoré",AM,0,Em Estudo,Tradicionalmente ocupada,,,73810,155,POINT (-61.80104444444444 -6.362369444444444),30202001878,COORDENACAO REGIONAL MÉDIO PURUS,CR-MPR
tis_pontos.fid-8091ffc_197eb0e14a4_3942,144,Arapuá,"Makuxí, Wapixana",Alto Alegre,RR,0,Em Estudo,Tradicionalmente ocupada,,,73811,156,POINT (-61.24863888888889 2.935088888888889),30202001955,COORDENACAO REGIONAL DE RORAIMA,CR-RR
tis_pontos.fid-8091ffc_197eb0e14a4_3943,145,Aldeias Santa Maria e Nova Bacaba (Baixo Rio Jatapu) ,Hixkaryána,"Nhamundá, São Sebastião do Uatumã, Urucará",AM,0,Em Estudo,Tradicionalmente ocupada,,,73812,157,POINT (-58.512972222222224 -1.553388888888889),30202001871,COORDENACAO REGIONAL DE MANAUS,CR-MAO
tis_pontos.fid-8091ffc_197eb0e14a4_3944,146,Baixo Rio Negro e Rio Caurés,"Arapáso, Baniwa, Baré, Makuxí, Tikúna, Tukano",Barcelos,AM,0,Em Estudo,Tradicionalmente ocupada,,,73814,152,POINT (-62.50333333333333 -1.0465222222222221),30202001885,COORDENACAO REGIONAL DO RIO NEGRO,CR-RNEG
tis_pontos.fid-8091ffc_197eb0e14a4_3945,147,Gaviãozinho,"Kanamarí, Kulina Madijá",Itamarati,AM,0,Em Estudo,Tradicionalmente ocupada,,,73815,159,POINT (-68.253 -6.425),30202001871,COORDENACAO REGIONAL DE MANAUS,CR-MAO
tis_pontos.fid-8091ffc_197eb0e14a4_3946,148,Curara,Múra,Manicoré,AM,0,Em Estudo,Tradicionalmente ocupada,,,73816,160,POINT (-60.94226111111111 -5.755219444444444),30202001871,COORDENACAO REGIONAL DE MANAUS,CR-MAO
tis_pontos.fid-8091ffc_197eb0e14a4_3947,149,Mamori,"Apurinã, Dení, Katukina, Paumarí",Tapauá,AM,0,Em Estudo,Tradicionalmente ocupada,,,73818,161,POINT (-63.387511111111 -6.2272638888889),30202001871,COORDENACAO REGIONAL DE MANAUS,CR-MAO
tis_pontos.fid-8091ffc_197eb0e14a4_3948,150,Mamoriá Grande e Igarapé Grande,Apurinã,Lábrea,AM,0,Em Estudo,Tradicionalmente ocupada,,,73819,7266,POINT (-66.223055555556 -7.5365),30202001878,COORDENACAO REGIONAL MÉDIO PURUS,CR-MPR
tis_pontos.fid-8091ffc_197eb0e14a4_3949,151,Acapuri do Meio,Não especificada,Fonte Boa,AM,0,Em Estudo,Tradicionalmente ocupada,,,73820,7276,POINT (-66.808841666667 -2.6813638888889),30202001857,COORDENACAO REGIONAL DO ALTO SOLIMOES,CR-ASL
tis_pontos.fid-8091ffc_197eb0e14a4_394a,152,Guarasugwe Riozinho,Não especificada,Pimenteiras do Oeste,RO,0,Em Estudo,Tradicionalmente ocupada,,,73821,7277,POINT (-62.005305555556 -13.296738888889),30202002025,COORDENACAO REGIONAL DE CUIABA,CR-CBA
tis_pontos.fid-8091ffc_197eb0e14a4_394b,153,Rio Cuieiras,Não especificada,"Manaus, Novo Airão",AM,0,Em Estudo,Tradicionalmente ocupada,,,73822,7279,POINT (-60.438227777778 2.7495194444444),30202001871,COORDENACAO REGIONAL DE MANAUS,CR-MAO
tis_pontos.fid-8091ffc_197eb0e14a4_394c,154,Ilha do Panamim,Não especificada,"Alvarães, Maraã, Tefé",AM,0,Em Estudo,Tradicionalmente ocupada,,,73823,7280,POINT (-64.638089 -3.356242),30202001871,COORDENACAO REGIONAL DE MANAUS,CR-MAO
tis_pontos.fid-8091ffc_197eb0e14a4_394d,155,Tapayuna,Não especificada,"Nova Maringá, São José do Rio Claro",MT,0,Em Estudo,Tradicionalmente ocupada,,,73824,7278,POINT (-57.216961111111 -13.166047222222),30202002032,COORDENACAO REGIONAL NORTE DO MATO GROSSO,CR-NMT
tis_pontos.fid-8091ffc_197eb0e14a4_394e,156,Alto Rio Içá,Não especificada,Santo Antônio do Içá,AM,0,Em Estudo,Tradicionalmente ocupada,,,73825,7293,POINT (-69.412602777778 -2.9743888888889),,,
